strategy,runs,mean_guesses,ci95,worst,share_within_6
No strategy: random word that could be the answer,5,4.1037,0.0173,9,0.9830
Blank planner (game 0): random valid words,1,5.2626,nan,10,0.8488
"Policy gradient, only possible words (3 word facts)",10,3.6084,0.0130,8,0.9943
"Policy gradient, any word (4 split facts)",5,3.4949,0.0005,5,1.0000
Hand-made: fewest words left on average,1,3.4816,nan,5,1.0000
Hand-made: most information (max entropy),1,3.4635,nan,6,1.0000
"Learned planner: V(m), plans one guess ahead",10,3.4380,0.0008,6,1.0000
Learned planner + look-ahead (5 candidates per turn),1,3.4276,nan,6,1.0000
Learned planner + look-ahead (10 candidates per turn),1,3.4246,nan,5,1.0000
