kind,seed,games_trained,skill_on_check_words
planner,0,0,5.2550
planner,0,1,3.4500
planner,0,3,3.5200
planner,0,10,3.5150
planner,0,30,3.4600
planner,0,100,3.4600
planner,0,200,3.4600
planner,0,300,3.4650
planner,0,500,3.4600
planner,1,0,5.2550
planner,1,1,3.4500
planner,1,3,3.4950
planner,1,10,3.4600
planner,1,30,3.4600
planner,1,100,3.4650
planner,1,200,3.4600
planner,1,300,3.4650
planner,1,500,3.4600
planner,2,0,5.2550
planner,2,1,3.4950
planner,2,3,3.4500
planner,2,10,3.4600
planner,2,30,3.4600
planner,2,100,3.4600
planner,2,200,3.4600
planner,2,300,3.4650
planner,2,500,3.4600
planner,3,0,5.2550
planner,3,1,3.4500
planner,3,3,3.4400
planner,3,10,3.4750
planner,3,30,3.4700
planner,3,100,3.4600
planner,3,200,3.4600
planner,3,300,3.4600
planner,3,500,3.4600
planner,4,0,5.2550
planner,4,1,3.4500
planner,4,3,3.4500
planner,4,10,3.4500
planner,4,30,3.4650
planner,4,100,3.4650
planner,4,200,3.4650
planner,4,300,3.4600
planner,4,500,3.4600
planner,5,0,5.2550
planner,5,1,3.5250
planner,5,3,3.5250
planner,5,10,3.4450
planner,5,30,3.4600
planner,5,100,3.4600
planner,5,200,3.4600
planner,5,300,3.4650
planner,5,500,3.4650
planner,6,0,5.2550
planner,6,1,3.4750
planner,6,3,3.5300
planner,6,10,3.4500
planner,6,30,3.4650
planner,6,100,3.4650
planner,6,200,3.4600
planner,6,300,3.4650
planner,6,500,3.4600
planner,7,0,5.2550
planner,7,1,3.4500
planner,7,3,3.5250
planner,7,10,3.5250
planner,7,30,3.5150
planner,7,100,3.4600
planner,7,200,3.4650
planner,7,300,3.4600
planner,7,500,3.4600
planner,8,0,5.2550
planner,8,1,3.5200
planner,8,3,3.4500
planner,8,10,3.4600
planner,8,30,3.4450
planner,8,100,3.4650
planner,8,200,3.4650
planner,8,300,3.4650
planner,8,500,3.4600
planner,9,0,5.2550
planner,9,1,3.4500
planner,9,3,3.4650
planner,9,10,3.4450
planner,9,30,3.4650
planner,9,100,3.4600
planner,9,200,3.4650
planner,9,300,3.4600
planner,9,500,3.4600
pg-any,0,0,5.2550
pg-any,0,1,5.2550
pg-any,0,3,3.5650
pg-any,0,10,3.5000
pg-any,0,30,3.6550
pg-any,0,100,3.5000
pg-any,0,200,3.5250
pg-any,0,300,3.5000
pg-any,0,500,3.5000
pg-any,0,700,3.5000
pg-any,0,1000,3.5000
pg-any,1,0,5.2550
pg-any,1,1,5.2550
pg-any,1,3,8.8700
pg-any,1,10,3.5300
pg-any,1,30,3.5200
pg-any,1,100,3.5000
pg-any,1,200,3.5000
pg-any,1,300,3.6550
pg-any,1,500,3.6550
pg-any,1,700,3.5000
pg-any,1,1000,3.5000
pg-any,2,0,5.2550
pg-any,2,1,5.2550
pg-any,2,3,3.7800
pg-any,2,10,3.5000
pg-any,2,30,3.5250
pg-any,2,100,3.6600
pg-any,2,200,3.5250
pg-any,2,300,3.5250
pg-any,2,500,3.5000
pg-any,2,700,3.5000
pg-any,2,1000,3.5000
pg-any,3,0,5.2550
pg-any,3,1,5.2550
pg-any,3,3,3.5050
pg-any,3,10,3.5250
pg-any,3,30,3.5000
pg-any,3,100,3.5000
pg-any,3,200,3.5000
pg-any,3,300,3.5000
pg-any,3,500,3.5000
pg-any,3,700,3.5000
pg-any,3,1000,3.5000
pg-any,4,0,5.2550
pg-any,4,1,5.2550
pg-any,4,3,3.5250
pg-any,4,10,4.1050
pg-any,4,30,14.1850
pg-any,4,100,3.6600
pg-any,4,200,3.5250
pg-any,4,300,3.5250
pg-any,4,500,3.5000
pg-any,4,700,3.6550
pg-any,4,1000,3.5000
pg-possible,0,0,4.0650
pg-possible,0,1,4.0650
pg-possible,0,3,4.0650
pg-possible,0,10,3.6350
pg-possible,0,30,3.6100
pg-possible,0,100,3.6500
pg-possible,0,200,3.6500
pg-possible,0,300,3.7150
pg-possible,0,500,3.6050
pg-possible,0,700,3.6100
pg-possible,0,1000,3.6100
pg-possible,1,0,4.0650
pg-possible,1,1,4.0650
pg-possible,1,3,3.6900
pg-possible,1,10,3.7150
pg-possible,1,30,3.6450
pg-possible,1,100,3.7400
pg-possible,1,200,3.7150
pg-possible,1,300,3.7200
pg-possible,1,500,3.7300
pg-possible,1,700,3.7150
pg-possible,1,1000,3.6000
pg-possible,2,0,4.0650
pg-possible,2,1,4.0650
pg-possible,2,3,4.9050
pg-possible,2,10,4.5400
pg-possible,2,30,3.7150
pg-possible,2,100,3.6700
pg-possible,2,200,3.6050
pg-possible,2,300,3.6200
pg-possible,2,500,3.6000
pg-possible,2,700,3.6200
pg-possible,2,1000,3.6200
pg-possible,3,0,4.0650
pg-possible,3,1,4.0650
pg-possible,3,3,3.6300
pg-possible,3,10,3.6950
pg-possible,3,30,3.9600
pg-possible,3,100,3.6400
pg-possible,3,200,3.5850
pg-possible,3,300,3.5900
pg-possible,3,500,3.5850
pg-possible,3,700,3.6100
pg-possible,3,1000,3.6450
pg-possible,4,0,4.0650
pg-possible,4,1,4.0650
pg-possible,4,3,4.7500
pg-possible,4,10,3.6100
pg-possible,4,30,3.6100
pg-possible,4,100,3.6450
pg-possible,4,200,3.6500
pg-possible,4,300,3.7400
pg-possible,4,500,3.6150
pg-possible,4,700,3.6400
pg-possible,4,1000,3.6650
pg-possible,5,0,4.0650
pg-possible,5,1,4.0650
pg-possible,5,3,4.1750
pg-possible,5,10,5.0150
pg-possible,5,30,4.1200
pg-possible,5,100,3.6150
pg-possible,5,200,3.6150
pg-possible,5,300,3.6100
pg-possible,5,500,3.6200
pg-possible,5,700,3.6000
pg-possible,5,1000,3.6150
pg-possible,6,0,4.0650
pg-possible,6,1,4.0650
pg-possible,6,3,4.1850
pg-possible,6,10,4.5700
pg-possible,6,30,4.1200
pg-possible,6,100,3.5800
pg-possible,6,200,3.6250
pg-possible,6,300,3.6400
pg-possible,6,500,3.6400
pg-possible,6,700,3.7200
pg-possible,6,1000,3.5900
pg-possible,7,0,4.0650
pg-possible,7,1,4.0650
pg-possible,7,3,4.1450
pg-possible,7,10,3.5750
pg-possible,7,30,3.6100
pg-possible,7,100,3.6700
pg-possible,7,200,3.7400
pg-possible,7,300,3.7200
pg-possible,7,500,3.7200
pg-possible,7,700,3.7150
pg-possible,7,1000,3.7000
pg-possible,8,0,4.0650
pg-possible,8,1,4.0650
pg-possible,8,3,4.0650
pg-possible,8,10,5.4500
pg-possible,8,30,4.9900
pg-possible,8,100,5.4800
pg-possible,8,200,4.2350
pg-possible,8,300,3.9500
pg-possible,8,500,3.6900
pg-possible,8,700,3.7000
pg-possible,8,1000,3.7450
pg-possible,9,0,4.0650
pg-possible,9,1,4.0650
pg-possible,9,3,3.6200
pg-possible,9,10,3.6050
pg-possible,9,30,3.6450
pg-possible,9,100,3.6150
pg-possible,9,200,3.6450
pg-possible,9,300,3.6050
pg-possible,9,500,3.5900
pg-possible,9,700,3.5900
pg-possible,9,1000,3.6050
